Metric,MLP_Mean,MLP_Std,GNN_Mean,GNN_Std
AUC,0.6879693834076186,0.052321026330402344,0.9842202751727573,0.0034077539309545477
AUPR,0.6875039674103484,0.06399203594001693,0.9849701697486685,0.0031305567224410016
F1,0.6588168264265758,0.021095569695652603,0.9226766032404115,0.01348947566393865
Accuracy,0.618570286721456,0.05962839689349745,0.9220722527528832,0.010256428674087546
