Metric,MLP_Mean,MLP_Std,GNN_Mean,GNN_Std
AUC,0.753250015664136,0.12310649719903634,0.9822975030584224,0.006234648010620674
AUPR,0.7935434859116326,0.0902643050498843,0.9819509108804455,0.007387269913587203
F1,0.5611725954242669,0.28096785963912085,0.9032922559914214,0.05476746000091856
Accuracy,0.684490306441526,0.09248598531982166,0.9096826004362863,0.041234496342409555
