Metric,MLP_Mean,MLP_Std,GNN_Mean,GNN_Std
AUC,0.6152584374417321,0.04485602711367593,0.9972960020721929,0.00216329463176717
AUPR,0.5960384311936051,0.04026601340769608,0.9974591888352613,0.0019040454409606626
F1,0.5905294432934325,0.051968230632348525,0.9679013366779063,0.01917548931655769
Accuracy,0.5855398802335592,0.03760690761243139,0.9684316638643345,0.017675075395787557
